title,year,wikipedia_url,Title_wiki,Director,Cast,Budget,Box_Office,Distributor,Production,Genre
Cash,2007,https://en.wikipedia.org/wiki/Cash_(2007_film),Cash,Anubhav Sinha,"Ajay Devgn, Sunil Shetty, Esha Deol, Riteish Deshmukh, Zayed Khan, Shamita Shetty, Dia Mirza",₹32 crore ,₹29.30 crore ,Adlabs,,Sh Is A 2007 Indian Hindi-Language Heist
Chak De! India,2007,https://en.wikipedia.org/wiki/Chak_De!_India,Chak De! India,Shimit Amin,"Shah Rukh Khan, Vidya Malvade, Shilpa Shukla, Sagarika Ghatge, Chitrashi Rawat, Anjan Srivastav, Vibha Chibber",₹ 20 crore ,₹ 109 crore ,Yash Raj Films,Yash Raj Films,Is A 2007 Indian Sports Drama
Kaafila,2007,https://en.wikipedia.org/wiki/Kaafila,Kaafila,Amitoj Maan,"Sunny Deol, Amitoj Mann, Sana Nawaz, Sara Loren",,,,,Is A 2007 Bollywood Action
Buddha Mar Gaya,2007,https://en.wikipedia.org/wiki/Buddha_Mar_Gaya,Buddha Mar Gaya,Rahul Rawail,"Anupam Kher, Om Puri, Paresh Rawal, Rakhi Sawant",,,,,2007 Indian Hindi-Language Black Comedy
Heyy Babyy,2007,https://en.wikipedia.org/wiki/Heyy_Babyy,Heyy Babyy,Sajid Khan,"Akshay Kumar, Fardeen Khan, Riteish Deshmukh, Vidya Balan, Boman Irani, Juanna Sanghvi",₹ 36 crore,₹ 83 crore ,Shree Ashtavinayak Cine Vision[1]Eros International,Nadiadwala Grandson Entertainment,Y Is A 2007 Indian Hindi-Language Comedy
Ram Gopal Varma Ki Aag,2007,https://en.wikipedia.org/wiki/Aag_(2007_film),Ram Gopal Varma Ki Aag,Ram Gopal Varma,"Mohanlal, Amitabh Bachchan, Ajay Devgn, Sushmita Sen",₹210 million,₹227.3 million,Adlabs,RGV Film Factory,Is A 2007 Indian Hindi-Language Action
Dhokha,2007,https://en.wikipedia.org/wiki/Dhokha,Dhokha,Pooja Bhatt,"Muzammil Ibrahim, Tulip Joshi",,,,Vishesh Films,07 Indian Hindi-Language Action Thriller
Victoria No. 203: Diamonds Are Forever,2007,https://en.wikipedia.org/wiki/Victoria_No._203_(2007_film),Victoria No. 203,Anant Mahadevan,"Om Puri, Anupam Kher, Jimmy Sheirgill, Johnny Lever, Preeti Jhangiani, Javed Jaffrey, Soniya Mehra",,,,Angath Arts,Heist Comedy Thriller
Dhamaal,2007,https://en.wikipedia.org/wiki/Dhamaal,Dhamaal,Indra Kumar,"Sanjay Dutt, Ritesh Deshmukh, Arshad Warsi, Aashish Chaudhary, Jaaved Jaaferi, Asrani, Sanjay Mishra, Vijay Raaz, Manoj Pahwa, Tiku Talsania, Prem Chopra",,est. ₹ 50.73 crore ,Shemaroo Entertainment,Maruti International,Is A 2007 Indian Hindi-Language Comedy
Darling,2007,https://en.wikipedia.org/wiki/Darling_(2007_Indian_film),Darling,Ram Gopal Varma,"Fardeen Khan, Esha Deol, Isha Koppikar",₹6.5 crore ,₹4.75 crore ,Balaji Motion Pictures(India)Eros International(Overseas),T-Series Films,G Is A 2007 Indian Hindi-Language Horror
Apna Asmaan,2007,https://en.wikipedia.org/wiki/Apna_Asmaan,Apna Asmaan,Kaushik Roy,"Irrfan Khan, Shobana, Anupam Kher, Dhruv Piyush Panjuani",,,Sony Pictures Releasing,ImaginationWorks,Is A 2007 Indian Hindi-Language Drama
Dhol,2007,https://en.wikipedia.org/wiki/Dhol_(film),Dhol,Priyadarshan,"Tusshar Kapoor, Sharman Joshi, Kunal Khemu, Rajpal Yadav, Tanushree Dutta, Arbaaz Khan, Om Puri, Murali Sharma, Tiku Talsania, Asrani",₹ 14 crore ,₹ 33.27 crore ,Adlabs,Percept Picture Company,Buddy Comedy Thriller
Fear,2007,https://en.wikipedia.org/wiki/Fear_(2007_film),Fear,Vikram Bhatt,"Amit Gaur, Aditya Ralkar, Alisha Baig",₹ 2 crore ,,,,Supernatural Horror
Nanhe Jaisalmer: A Dream Come True,2007,https://en.wikipedia.org/wiki/Nanhe_Jaisalmer,Nanhe Jaisalmer - A Dream Come True,Samir Karnik,"Bobby Deol, Dwij Yadav",,,Eros International,,Is A 2007 Indian Hindi-Language Drama
Manorama: Six Feet Under,2007,https://en.wikipedia.org/wiki/Manorama_Six_Feet_Under,Manorama Six Feet Under,Navdeep Singh,"Abhay Deol, Raima Sen, Gul Panag",,,Shemaroo Entertainment,,T Under Is A 2007 Indian  Crime Thriller
Johnny Gaddaar,2007,https://en.wikipedia.org/wiki/Johnny_Gaddaar,Johnny Gaddaar,Sriram Raghavan,"Dharmendra, Neil Nitin Mukesh, Rimi Sen, Vinay Pathak, Zakir Hussain, Dayanand Shetty, Ashwini Kalsekar, Govind Namdeo",₹7.50 crore ,₹25.68 crore ,Adlabs,Adlabs,Neo-Noir Crime Thriller
Dil Dosti Etc,2007,https://en.wikipedia.org/wiki/Dil_Dosti_Etc,Dil Dosti Etc,Manish Tiwary,"Shreyas Talpade, Nikita Anand, Imaad Shah, Smriti Mishra, Dinesh Kumar, Ishita Sharma",,,,,Is A 2007 Indian Coming-Of-Age
Go,2007,https://en.wikipedia.org/wiki/Go_(2007_film),Go,Manish Srivastav,"Gautam Gupta, Priyanka Kothari, Rajpal Yadav, Kay Kay Menon, Ravi Kale, Shereveer Vakil, Govind Namdeo, Shazad Latif",,,,,Go Is A 2007 Bollywood Crime Comedy
Chhodon Naa Yaar,2007,https://en.wikipedia.org/wiki/Chhodon_Naa_Yaar,Chhodon Naa Yaar,Dilip Sood,"Jimmy Sheirgill, Kim Sharma, Farid Amiri, Ahmed Khan, Vinod Nagpal",₹ 3.25 crore ,₹ 0.26 crore ,,,Supernatural Horror
It's Breaking News,2007,https://en.wikipedia.org/wiki/It's_Breaking_News,It's Breaking News,Vishal Inamdar,"Koel Purie, Swati Sen, Harsh Chhaya, Vinay Apte, Mrunmayee Deshpande",,,,Animaa Films,Ws Is A 2007 Indian Hindi-Language Crime
50 Lakh,2007,https://en.wikipedia.org/wiki/Aithe,Aithe...,Chandra Sekhar Yeleti,"Pavan Malhotra, Mohit Chadda, Shashank, Abhishek, Janardhan, Sindhu Tolani",,,,Just Yellow Media,S A 2003 Indian Telugu-Language Thriller
Bhool Bhulaiyaa,2007,https://en.wikipedia.org/wiki/Bhool_Bhulaiyaa,Bhool Bhulaiyaa,Priyadarshan,"Akshay Kumar, Vidya Balan, Shiney Ahuja, Ameesha Patel",₹ 320 million ,₹ 828.4 million ,Balaji Motion PicturesEros International,T-Series Films,Psychological Horror Comedy
Laaga Chunari Mein Daag,2007,https://en.wikipedia.org/wiki/Laaga_Chunari_Mein_Daag,Laaga Chunari Mein Daag,Pradeep Sarkar,"Jaya Bachchan, Rani Mukerji, Konkona Sen Sharma, Kunal Kapoor, Abhishek Bachchan, Anupam Kher",,est. ₹250 million ,Yash Raj Films,,Is A 2007 Indian Hindi-Language Drama
Speed,2007,https://en.wikipedia.org/wiki/Speed_(2007_film),Speed,Vikram Bhatt,"Zayed Khan, Sanjay Suri, Urmila Matondkar, Aftab Shivdasani, Aashish Chaudhary, Tanushree Dutta",,,Zee Motion Pictures(India)Eros International(Overseas),Baweja Movies,07 Indian Hindi-Language Action Thriller
Jab We Met,2007,https://en.wikipedia.org/wiki/Jab_We_Met,Jab We Met,Imtiaz Ali,"Kareena Kapoor, Shahid Kapoor",₹ 15 crore ,₹ 50.9 crore ,Indian Films[1],Shree Ashtavinayak Cine Vision,07 Indian Hindi-Language Romantic Comedy
No Smoking,2007,https://en.wikipedia.org/wiki/No_Smoking_(2007_film),No Smoking,Anurag Kashyap,"John Abraham, Ayesha Takia, Paresh Rawal, Ranvir Shorey",₹23 crore,₹3 crore ,Eros International,,Is A 2007 Indian Hindi-Language Thriller
Mumbai Salsa,2007,https://en.wikipedia.org/wiki/Mumbai_Salsa,Mumbai Salsa,Manoj Tyagi,"Vir Das, Linda Arsenio, Manjari Phadnis, Dilip Thadeshwar",,,BVG FilmsASA Productions and Enterprises Pvt. Ltd.,,Mumbai Salsa Is A 2007 Indian
Humne Jeena Seekh Liya,2007,https://en.wikipedia.org/wiki/Humne_Jeena_Seekh_Liya,Humne Jeena Seekh Liya,Milind Ukey,"Siddharth Chandekar, Mrunmayi Deshpande",70-Lakh ,30-Lakh,Ukey Films,Ukey Films,08 Indian Coming Of Age Drama And Comedy
Om Shanti Om,2007,https://en.wikipedia.org/wiki/Om_Shanti_Om,Om Shanti Om,Farah Khan,"Shah Rukh Khan, Deepika Padukone, Shreyas Talpade, Kirron Kher, Arjun Rampal",₹40 crore ,₹152 crore ,Eros International,Red Chillies Entertainment,Is A 2007 Hindi-Language Masala
Saawariya,2007,https://en.wikipedia.org/wiki/Saawariya,Saawariya,Sanjay Leela Bhansali,"Ranbir Kapoor, Sonam Kapoor, Rani Mukerji, Salman Khan, Zohra Sehgal",₹ 45 crore ,₹ 39.22 crore ,Sony Pictures Releasing International,,07 Indian Hindi-Language Musical Romance
Dumkata,2007,https://en.wikipedia.org/wiki/Dum_Kaata,Dumkata,Amol Palekar,"Sachin Khedekar, Om Puri",,,,,Is A Hindi-Language Comedy
Dhan Dhana Dhan Goal,2007,https://en.wikipedia.org/wiki/Goal_(2007_Hindi_film),Dhan Dhana Dhan Goal,Vivek Agnihotri,"John Abraham, Bipasha Basu, Arshad Warsi, Shernaz Patel, Judan Ali",₹190 million ,₹217.2 million ,UTV Motion Pictures,,2007 Indian Hindi-Language Sports Drama
Aaja Nachle,2007,https://en.wikipedia.org/wiki/Aaja_Nachle,Aaja Nachle,Anil Mehta,"Madhuri Dixit, Akshaye Khanna, Konkona Sen Sharma, Jugal Hansraj, Kunal Kapoor",₹ 250 million,₹ 143 million ,,Yash Raj Films,A 2007 Indian Hindi-Language Dance Drama
Gauri: The Unborn,2007,https://en.wikipedia.org/wiki/Gauri:_The_Unborn,Gauri: The Unborn,Akku Akbar,"Atul Kulkarni, Rituparna Sengupta, Anupam Kher",,,,,N Is A 2007 Indian Hindi-Language Horror
Dus Kahaniyaan,2007,https://en.wikipedia.org/wiki/Dus_Kahaniyaan,Dus Kahaniyaan,Sanjay GuptaApoorva LakhiaMeghna GulzarRohit RoyHansal MehtaJasmeet Dhodhi,"Sanjay Dutt, Suniel Shetty, Nana Patekar, Naseeruddin Shah, Manoj Bajpayee, Arbaaz Khan, Jimmy Sheirgill, Amrita Singh, Minissha Lamba, Sudhanshu Pandey, Anupam Kher, Aftab Shivdasani, Diya Mirza, Mandira Bedi, Mahesh Manjrekar, Neha Dhupia, Shabana Azmi, Masumeh Makhija, Rohit Roy, Anita Hassanandani, Anuradha Patel, Dino Morea, Tarina Patel, Neha Oberoi, Parmeet Sethi, Anup Soni",₹ 21 crore (US$2.5 million) ,₹ 13 crore (US$1.5 million) ,,,S A 2007 Indian Hindi-Language Anthology
Khoya Khoya Chand,2007,https://en.wikipedia.org/wiki/Khoya_Khoya_Chand,Khoya Khoya Chand,Sudhir Mishra,"Shiney Ahuja, Soha Ali Khan, Rajat Kapoor, Sushmita Mukherjee",,,Holy Cow PicturesAdlabs[1],Prakash Jha Productions,007 Indian Hindi-Language Romantic Drama
68 Pages,2007,https://en.wikipedia.org/wiki/68_Pages,68 Pages,Sridhar Rangayan,"Mouli Gangulyy, Joy Sengupta, Jayati Bhatia, Zafar Karachiwala, Uday Sonawane",,,Solaris Pictures,,68 Pages Is A 2007 Indian
Welcome,2007,https://en.wikipedia.org/wiki/Welcome_(2007_film),Welcome,Anees Bazmee,"Feroz Khan, Anil Kapoor, Nana Patekar, Akshay Kumar, Katrina Kaif, Paresh Rawal, Mallika Sherawat",₹ 32 crore ,₹ 117.91 crore ,UTV Motion PicturesIndian Films[1],Base Industries Group,2007 Hindi-Language Buddy Comedy Drama
Taare Zameen Par,2007,https://en.wikipedia.org/wiki/Taare_Zameen_Par,Taare Zameen Par,Aamir Khan,"Darsheel Safary, Aamir Khan, Tisca Chopra, Vipin Sharma, Tanay Chheda",₹12 crore ,₹98.48 crore ,PVR Pictures,,Is A 2007 Indian Hindi-Language Drama
Return of Hanuman,2007,https://en.wikipedia.org/wiki/Return_of_Hanuman,Return of Hanuman,Anurag Kashyap,Pinky Rajput,₹16 crore ,₹ 6.14 crore ,Percept Picture Company,,Animated Action-Adventure
Showbiz,2007,https://en.wikipedia.org/wiki/Showbiz_(film),Showbiz,Raju Khan,"Tushar Jalota, Mrinalini Sharma, Sushant Singh, Gulshan Grover, Saurabh Shukla, Delnaaz Irani, Sachin Khedekar",,,,Vishesh Films,Z Is A 2007 Indian Hindi-Language Action
Salaam Bacche,2007,https://en.wikipedia.org/wiki/Vijay_Patkar,Vijay Patkar,,,,,,,Marathi
Halla Bol,2008,https://en.wikipedia.org/wiki/Halla_Bol,Halla Bol,Rajkumar Santoshi,"Pankaj Kapur, Ajay Devgn, Vidya Balan",₹ 270 million ,₹ 193.9 million ,Indian FilmsthroughShree Ashtavinayak Cine Vision[1],,Is A 2008 Indian Hindi-Language Drama
My Name Is Anthony Gonsalves,2008,https://en.wikipedia.org/wiki/My_Name_Is_Anthony_Gonsalves_(film),My Name Is Anthony Gonsalves,Eeshwar Nivas,"Nikhil Dwivedi, Amrita Rao, Mithun Chakraborty",,,Sahara One,,A 2008 Indian Hindi-Language Crime Drama
Bombay to Bangkok,2008,https://en.wikipedia.org/wiki/Bombay_to_Bangkok,Bombay to Bangkok,Nagesh Kukunoor,"Shreyas Talpade, Lena Christensen",,,Eros International[1],,To Bangkok Is A 2008 Indian Hindi Comedy
Tulsi: Mathrudevobhava,2008,https://en.wikipedia.org/wiki/Tulsi_(film),Tulsi: Mathrudevobhava,K. Ajay Kumar,"Manisha Koirala, Irrfan Khan",₹ 1 crore ,"₹ 1,20 lakh ",Sri Tirumala Tirupathi Venkateswara Films,,Va Is A 2008 Indian Hindi Language Drama
Sunday,2008,https://en.wikipedia.org/wiki/Sunday_(2008_film),Sunday,Rohit Shetty,"Ajay Devgn, Ayesha Takia, Arshad Warsi, Irrfan Khan",,,Eros International,Big Screen Entertainment,008 Indian Hindi-Language Mystery Comedy
Mithya,2008,https://en.wikipedia.org/wiki/Mithya_(film),Mithya,Rajat Kapoor,"Ranvir Shorey, Neha Dhupia, Naseeruddin Shah, Vinay Pathak",,,,,2008 Indian Hindi-Language Black Comedy
Superstar,2008,https://en.wikipedia.org/wiki/Superstar_(2008_Hindi_film),Superstar,Rohit Jugraj,"Kunal Khemu, Tulip Joshi",,,Shree Ashtavinayak Cine Vision Limited,Shree Ashtavinayak Cine Vision Limited,Superstar Is A 2008 Indian Drama
Jodhaa Akbar,2008,https://en.wikipedia.org/wiki/Jodhaa_Akbar,Jodhaa Akbar,Ashutosh Gowariker,"Hrithik Roshan, Aishwarya Rai Bachchan",₹ 40 crore ,est. ₹ 120 crore ,UTV Motion Pictures,Ashutosh Gowariker Productions Private Limited,Epic Historical Drama
Dhara,2008,https://en.wikipedia.org/wiki/Kashmira_Irani,Kashmira Irani,,,,,,,Is An Indian
Black & White,2008,https://en.wikipedia.org/wiki/Black_&_White_(2008_Hindi_film),Black & White,Subhash Ghai,"Anil Kapoor, Anurag Sinha, Shefali Shah, Aditi Sharma",,,Eros International[1],Mukta Searchlight Films,White Is A 2008 Indian Crime Thriller
Race,2008,https://en.wikipedia.org/wiki/Race_(2008_film),Race,Abbas–Mustan,"Anil Kapoor, Saif Ali Khan, Akshaye Khanna, Bipasha Basu, Katrina Kaif, Sameera Reddy",₹ 46 crore ,₹103.45 crore ,UTV Motion Pictures,Tips Industries,Neo-Noir Action Crime
One Two Three,2008,https://en.wikipedia.org/wiki/One_Two_Three,One Two Three,Ashwni Dhir,"Sunil Shetty, Tushar Kapoor, Paresh Rawal, Esha Deol, Neetu Chandra, Sameera Reddy, Upen Patel, Tanishaa",,₹27 crore ,Eros Entertainment,Big Screen Entertainment Pvt. Ltd,E Is A 2008 Indian Hindi-Language Comedy
Shaurya,2008,https://en.wikipedia.org/wiki/Shaurya,Shaurya,Samar Khan,"Kay Kay Menon, Rahul Bose, Javed Jaffrey, Deepak Dobriyal, Minissha Lamba, Pankaj Tripathi",,,Moser Baer Entertainment,,A 2008 Indian Hindi-Language Legal Drama
Bhram: An Illusion,2008,https://en.wikipedia.org/wiki/Bhram,Bhram: An Illusion,Pavan S. Kaul,"Dino Morea, Milind Soman, Sheetal Menon, Simone Singh, Karan Singh Grover",,,,,Is A 2008 Indian Hindi-Language Thriller
U Me Aur Hum,2008,https://en.wikipedia.org/wiki/U_Me_Aur_Hum,U Me Aur Hum,Ajay Devgn,"Ajay Devgn, Kajol",₹ 25 crore ,₹ 40.02 crore ,Eros International,Devgan Films,008 Indian Hindi-Language Romantic Drama
Krazzy 4,2008,https://en.wikipedia.org/wiki/Krazzy_4,Krazzy 4,Jaideep Sen,"Juhi Chawla, Arshad Warsi, Irrfan Khan, Rajpal Yadav, Suresh Menon, Dia Mirza, Rajat Kapoor, Mukesh Rishi",₹ 18 crore ,₹ 32.27 crore ,Yash Raj Films(India)Eros International(International)[2],FilmKraft Productions,08 Indian Hindi-Language Comedy Thriller
Pehli Nazar Ka Pyaar,2008,https://en.wikipedia.org/wiki/Pehli_Nazar_Ka_Pyaar,Pehli Nazar Ka Pyaar,"Arshad Khan (writer/director, India)","Divvij kak, Sweety chhabra 
Arbaaz Ali Khan, Vikas Anand, Rahul, Dinesh Hingoo, [, 1, ]",,,,,Nazar Ka Pyaar Is A 2008 Romantic Hindi
Yaar Meri Zindagi,2008,https://en.wikipedia.org/wiki/Yaar_Meri_Zindagi,Yaar Meri Zindagi,Ashok Gupta,"Amitabh Bachchan, Shatrughan Sinha, Sharada, Sudha Chandran",,,,,Zindagi Is A 2008 Indian Hindi-Language
Tashan,2008,https://en.wikipedia.org/wiki/Tashan_(film),Tashan,Vijay Krishna Acharya,"Akshay Kumar, Saif Ali Khan, Kareena Kapoor, Anil Kapoor",₹ 310 million ,₹ 516.3 million ,Yash Raj Films,Yash Raj Films,2008 Indian Hindi-Language Action Comedy
Sirf,2008,https://en.wikipedia.org/wiki/Sirf_(film),Sirf,Rajaatesh Nayar,"Kay Kay Menon, Manisha Koirala, Ranvir Shorey, Sonali Kulkarni",₹ 3 crore ,"₹ 55,50 lakh ",Eros International,,De Is A 2008 Indian Hindi-Language Drama
Mumbai Cutting,2008,https://en.wikipedia.org/wiki/Mumbai_Cutting,Mumbai Cutting,Anurag KashyapSudhir MishraRahul DholakiaKundan ShahRevathyJahnu BaruaRituparno GhoshShashanka GhoshRuchi NarainAyush RainaManish Jha,,,,,,S A 2008 Indian Hindi-Language Anthology
Pranali: The Tradition,2008,https://en.wikipedia.org/wiki/Nargis_Bagheri,Nargis Bagheri,,,,,,,Ess Who Acted In Bollywood And Kollywood
Mr. White Mr. Black,2008,https://en.wikipedia.org/wiki/Mr._Black_Mr._White,"Mr. Black, Mr. White",Deepak Shivdasani,"Sunil Shetty, Arshad Warsi, Ashish Vidyarthi",,,Eros International,,Black Is A 2008 Indian Hindi-Language
Bhoothnath,2008,https://en.wikipedia.org/wiki/Bhoothnath,Bhoothnath,Vivek Sharma,"Amitabh Bachchan, Juhi Chawla, Shah Rukh Khan, Aman Siddiqui, Rajpal Yadav, Priyanshu Chatterjee",₹ 20 crore (equivalent to ₹ 56 crore or US$6.6 million in 2023),₹ 38.8 crore (equivalent to ₹ 108 crore or US$13 million in 2023),Indian Films(India)Eros International(International),B.R. Films,Supernatural Comedy
Jimmy,2008,https://en.wikipedia.org/wiki/Jimmy_(2008_film),Jimmy,Raj N. Sippy,"Mimoh Chakraborty, Vivana Singh, Rahul Dev, Prithvi, Vikas Anand",₹ 9 crore ,₹ 1.86 crore ,,High Definition Motion Pictures,Y Is A 2008 Indian Hindi-Language Action
Jannat: In Search of Heaven...,2008,https://en.wikipedia.org/wiki/Jannat_(2008_film),Jannat,Kunal Deshmukh,"Emraan Hashmi, Sonal Chauhan",₹ 100 million ,₹ 415 million ,Percept Picture Company,Vishesh Films,008 Indian Hindi-Language Romantic Crime
Naam,2008,https://en.wikipedia.org/wiki/Naam_(2024_film),Naam - The Missing Identity,Anees Bazmee,"Ajay Devgn, Sameera Reddy, Bhumika Chawla, Rahul Dev, Shriya Sharma, Yashpal Sharma, Vijay Raaz, Rajpal Yadav, Mukesh Tiwari, Sharat Saxena",₹ 20 crores,₹ 1.2 crores,Pen Marudhar Entertainment,,24 Indian Hindi-Language Action Thriller
Don Muthu Swami,2008,https://en.wikipedia.org/wiki/Don_Muthu_Swami,Don Muthu Swami,Ashim Samanta,"Mithun Chakraborty, Hrishita Bhatt, Shakti Kapoor, Rohit Roy, Dolly Minhas, Rakesh Bedi",,,Venus Films,,2008 Indian Hindi-Language Comedy-Drama
Dhoom Dadakka,2008,https://en.wikipedia.org/wiki/Dhoom_Dadakka,Dhoom Dadakka,Shashi Ranjan,"Anupam Kher, Gulshan Grover, Satish Kaushik, Satish Shah, Sammir Dattani, Shaad Randhawa, Aarti Chhabria, Deepshikha Nagpal",,,Eros International,Anushka Images Pvt Ltd,2008 Indian Hindi-Language Comedy-Drama
Woodstock Villa,2008,https://en.wikipedia.org/wiki/Woodstock_Villa,Woodstock Villa,Hansal Mehta,"Sikandar Kher, Neha Oberoi, Arbaaz Khan, Gulshan Grover, Sachin Khedekar",₹380 million ,₹200 million ,White Feather Films,,Neo-Noir Mystery Thriller
Muniya,2008,https://en.wikipedia.org/wiki/Aanchal_Munjal,Aanchal Munjal,,,,,,,Aanchal Munjal Is An Indian
Sarkar Raj,2008,https://en.wikipedia.org/wiki/Sarkar_Raj,Sarkar Raj,Ram Gopal Varma,"Amitabh Bachchan, Abhishek Bachchan, Aishwarya Rai Bachchan, Dilip Prabhavalkar, Supriya Pathak",₹ 280 million,₹ 594.6 million ,Balaji Motion Pictures(India)Eros International(International),,Political Crime Thriller
Aamir,2008,https://en.wikipedia.org/wiki/Aamir_(film),Aamir,Raj Kumar Gupta,"Rajeev Khandelwal, Gajraj Rao",,,UTV Motion Pictures,UTV Spotboy,08 Indian Hindi-Language Action Thriller
Mere Baap Pehle Aap,2008,https://en.wikipedia.org/wiki/Mere_Baap_Pehle_Aap,Mere Baap Pehle Aap,Priyadarshan,"Akshaye Khanna, Genelia D'Souza, Paresh Rawal, Om Puri, Rajpal Yadav",₹ 20 crore ,₹ 36 crore ,Shemaroo Entertainment,Shemaroo Entertainment,2008 Indian Hindi-Language Comedy-Drama
Summer 2007,2008,https://en.wikipedia.org/wiki/Summer_2007,Summer 2007,Suhail Tatari,"Sikandar Kher, Yuvika Chaudhary, Gul Panag, Arjan Bajwa, Ashutosh Rana, Sachin Khedekar, Swetha Menon, Vikram Gokhale, Nawazuddin Siddiqui, Prosshant Narayanan, Sachin Khedekar",,,,,Summer 2007 Is A 2008 Indian Drama
Memsahab,2008,https://en.wikipedia.org/wiki/Memsahab,Memsahab,Arshad Siddiqui,"Yukta Mookhey, and, Vijay Raaz",,,,,Memsahab Is A Hindi
Haal-e-Dil,2008,https://en.wikipedia.org/wiki/Haal-e-Dil,Haal–e–dil,Anil Devgan,"Adhyayan Suman, Amita Pathak, Nakuul Mehta",₹ 6 crore ,₹ 72 lakh ,Eros InternationalReliance Entertainment,Big Screen Entertainment,Is A 2008 Indian Hindi-Language Romance
De Taali,2008,https://en.wikipedia.org/wiki/De_Taali,De Taali,Eeshwar Nivas,"Riteish Deshmukh, Aftab Shivdasani, Ayesha Takia, Rimi Sen",,,Sahara One Motion Pictures,,Is A 2008 Indian Hindi-Language Comedy
Thodi Life Thoda Magic,2008,https://en.wikipedia.org/wiki/Thodi_Life_Thoda_Magic,Thodi Life Thoda Magic,Aanand L. Rai,"Jackie Shroff, Arbaaz Khan, Anita Raj",,,,,Da Magic Is A 2008 Indian Hindi-Language
Thoda Pyaar Thoda Magic,2008,https://en.wikipedia.org/wiki/Thoda_Pyaar_Thoda_Magic,Thoda Pyaar Thoda Magic,Kunal Kohli,"Saif Ali Khan, Rani Mukerji, Akshat Chopra, Rishi Kapoor, Ameesha Patel",₹ 230 million (US$2.7 million) ,₹ 372.53 million (US$4.4 million) ,Yash Raj Films,,Fantasy Comedy-Drama
Via Darjeeling,2008,https://en.wikipedia.org/wiki/Mrityunjay_Kumar_Singh,Mrityunjay Kumar Singh,,,,,,,S Song Uphaar Was Featured In The Hindi
Jaane Tu... Ya Jaane Na,2008,https://en.wikipedia.org/wiki/Jaane_Tu..._Ya_Jaane_Na,Jaane Tu... Ya Jaane Na,Abbas Tyrewala,"Imran Khan, Genelia D'Souza, Prateik Babbar, Manjari Fadnis, Ayaz Khan, Paresh Rawal, Naseeruddin Shah, Ratna Pathak Shah, Karan Makhija, Alishka Varde, Nirav Mehta, Sugandha Garg, Arbaaz Khan, Sohail Khan, Renuka Kunzru",₹ 15 crore ,₹ 84 crore ,PVR Pictures,Aamir Khan Productions,Coming-Of-Age Romantic Comedy
Love Story 2050,2008,https://en.wikipedia.org/wiki/Love_Story_2050,Love Story 2050,Harry Baweja,"Harman Baweja, Priyanka Chopra, Boman Irani, Archana Puran Singh",₹ 40 crore ,₹ 18.47 crore ,Adlabs,Baweja Movies,Science Fiction-Romance
Mehbooba,2008,https://en.wikipedia.org/wiki/Mehbooba_(2008_film),Mehbooba,Afzal Khan,"Sanjay Dutt, Ajay Devgn, Manisha Koirala",₹ 220 million ,₹ 37.8 million ,Eros Labs,,Is A 2008 Indian Hindi-Language Romance
Kismat Konnection,2008,https://en.wikipedia.org/wiki/Kismat_Konnection,Kismat Konnection,Aziz Mirza,"Shahid Kapoor, Vidya Balan, Juhi Chawla, Om Puri, Boman Irani, Vishal Malhotra, Karanvir Bohra, Satyanand Gaitonde",,,UTV Motion Pictures,Tips Industries,08 Indian Hindi-Language Romantic Comedy
Contract,2008,https://en.wikipedia.org/wiki/Contract_(2008_film),Contract,Ram Gopal Varma,"Adhvik Mahajan, Prasad Purandare, Sakshi Gulati, Zakir Hussain, Amruta Subhash, Kishor Kadam, Sumeet Nijhawan, Upendra Limaye",,,PVR Pictures,PVR Pictures,2008 Indian Hindi-Language Action Drama
Money Hai Toh Honey Hai,2008,https://en.wikipedia.org/wiki/Money_Hai_Toh_Honey_Hai,Money Hai Toh Honey Hai,Ganesh Acharya,"Govinda, Aftab Shivdasani, Hansika Motwani, Celina Jaitly, Manoj Bajpayee, Ravi Kishan, Antara Biswas, Upen Patel",,,Eros International,Big Screen Entertainment,Is A 2008 Indian Comedy
Ugly Aur Pagli,2008,https://en.wikipedia.org/wiki/Ugly_Aur_Pagli,Ugly Aur Pagli,Sachin Khot,"Ranvir Shorey, Mallika Sherawat, Vishal Malhotra",,,,Pritish Nandy Communications,08 Indian Hindi-Language Romantic Comedy
Singh Is Kinng,2008,https://en.wikipedia.org/wiki/Singh_Is_Kinng,Singh Is Kinng,Anees Bazmee,"Akshay Kumar, Katrina Kaif, Om Puri, Ranvir Shorey, Neha Dhupia, Javed Jaffrey, Sonu Sood",₹ 30 crore,est. ₹ 136 crore,Indian Films[1]BIG Pictures[2],,2008 Indian Hindi-Language Action Comedy
Y.M.I. Yeh Mera India,2008,https://en.wikipedia.org/wiki/Yeh_Mera_India,Yeh Mera India,N. Chandra,"Anupam Kher, Perizaad Zorabian, Purab Kohli, Rajpal Yadav, Sarika, Seema Biswas",,,N Chandra Global Infotainment LtdPen India Pvt. Ltd.,,Is A 2009 Indian Hindi-Language Drama
Bachna Ae Haseeno,2008,https://en.wikipedia.org/wiki/Bachna_Ae_Haseeno,Bachna Ae Haseeno,Siddharth Anand,"Ranbir Kapoor, Bipasha Basu, Deepika Padukone, Minissha Lamba",₹23 crore ,₹61.57 crore ,Yash Raj Films,Yash Raj Films,08 Indian Hindi-Language Romantic Comedy
God Tussi Great Ho,2008,https://en.wikipedia.org/wiki/God_Tussi_Great_Ho,God Tussi Great Ho,Rumi Jaffery,"Amitabh Bachchan, Salman Khan, Priyanka Chopra, Sohail Khan",₹ 21 crore ,₹ 25.61 crore ,Sohail Khan ProductionsT-SeriesEros International,,Is A 2008 Indian Fantasy Comedy
Mumbai Meri Jaan,2008,https://en.wikipedia.org/wiki/Mumbai_Meri_Jaan,Mumbai Meri Jaan,Nishikanth Kamath,"R. Madhavan, Irfan Khan, Soha Ali Khan, Kay Kay Menon, Paresh Rawal",₹ 3.50 crore ,₹ 5.02 crore ,UTV Motion Pictures,UTV Motion Pictures,Is A 2008 Indian Hindi-Language Drama
Phoonk,2008,https://en.wikipedia.org/wiki/Phoonk,Phoonk,Ram Gopal Varma,"Sudeep, Amruta Khanvilkar, Ahsaas Channa, Kenny Desai, Ashwini Kalsekar, Zakir Hussain",,₹ 13.62 crore ,,,Is A 2008 Indian Supernatural Horror
Mukhbiir,2008,https://en.wikipedia.org/wiki/Mukhbiir,Mukhbiir,Mani Shankar,"Sameer Dattani, Om Puri, Sunil Shetty, Sushant Singh, Rahul Dev, Jackie Shroff, Raima Sen",,,,,2008 Indian Hindi-Language Spy Thriller
Maan Gaye Mughall-E-Azam,2008,https://en.wikipedia.org/wiki/Maan_Gaye_Mughal-e-Azam,Maan Gaye Mughal-E-Azam,Sanjay Chhel,"Rahul Bose, Mallika Sherawat, Paresh Rawal, Kay Kay Menon",,,Venus Records & Tapes,,2008 Indian Hindi-Language Crime Comedy
Rock On!!,2008,https://en.wikipedia.org/wiki/Rock_On!!,Rock On!!,Abhishek Kapoor,"Farhan Akhtar, Arjun Rampal, Shahana Goswami, Prachi Desai, Purab Kohli, Koel Purie, Luke Kenny, Nicolette Bird, Daizy Ingall",₹ 8–9 crore ,est. ₹ 36 crore ,BIG Pictures,Excel Entertainment,2008 Indian Hindi-Language Musical Drama
